Accuracy,Sensitivity,Specificity,Precision,TP,TN,FP,FN
0.8275861783590973,0.999999958333335,0.0,0.8275861783590973,24,0,5,0
