Accuracy,Sensitivity,Specificity,Precision,TP,TN,FP,FN
0.7941176237024229,0.899999970000001,0.0,0.8709677138397511,27,0,4,3
